[{"id":1,"nombre":"Laura","apellido":"Reyes","correo":"lreyes0@macromedia.com","sexo":"Female","avatar":"https://robohash.org/quaeveliste.bmp?size=50x50\u0026set=set1"},
{"id":2,"nombre":"Gary","apellido":"Freeman","correo":"gfreeman1@tinypic.com","sexo":"Male","avatar":"https://robohash.org/veniamdoloremdeleniti.jpg?size=50x50\u0026set=set1"},
{"id":3,"nombre":"Billy","apellido":"Wilson","correo":"bwilson2@miibeian.gov.cn","sexo":"Male","avatar":"https://robohash.org/consectetureosrerum.jpg?size=50x50\u0026set=set1"},
{"id":4,"nombre":"Patrick","apellido":"Reyes","correo":"preyes3@g.co","sexo":"Male","avatar":"https://robohash.org/utdictaprovident.jpg?size=50x50\u0026set=set1"},
{"id":5,"nombre":"Louise","apellido":"Patterson","correo":"lpatterson4@lulu.com","sexo":"Female","avatar":"https://robohash.org/sedomnistenetur.bmp?size=50x50\u0026set=set1"},
{"id":6,"nombre":"Raymond","apellido":"Hunter","correo":"rhunter5@quantcast.com","sexo":"Male","avatar":"https://robohash.org/dignissimoseaqueet.png?size=50x50\u0026set=set1"},
{"id":7,"nombre":"Willie","apellido":"Phillips","correo":"wphillips6@ucoz.ru","sexo":"Male","avatar":"https://robohash.org/fugaporroaliquam.png?size=50x50\u0026set=set1"},
{"id":8,"nombre":"Beverly","apellido":"Chapman","correo":"bchapman7@printfriendly.com","sexo":"Female","avatar":"https://robohash.org/hicrerumvoluptatibus.jpg?size=50x50\u0026set=set1"},
{"id":9,"nombre":"Timothy","apellido":"Garrett","correo":"tgarrett8@blogger.com","sexo":"Male","avatar":"https://robohash.org/estrationefacilis.png?size=50x50\u0026set=set1"},
{"id":10,"nombre":"Harold","apellido":"Sanchez","correo":"hsanchez9@mail.ru","sexo":"Male","avatar":"https://robohash.org/voluptatemacorporis.jpg?size=50x50\u0026set=set1"},
{"id":11,"nombre":"Diana","apellido":"West","correo":"dwesta@goodreads.com","sexo":"Female","avatar":"https://robohash.org/ipsumisteenim.jpg?size=50x50\u0026set=set1"},
{"id":12,"nombre":"Edward","apellido":"Simpson","correo":"esimpsonb@fda.gov","sexo":"Male","avatar":"https://robohash.org/minusaccusamussit.jpg?size=50x50\u0026set=set1"},
{"id":13,"nombre":"Eugene","apellido":"Bradley","correo":"ebradleyc@liveinternet.ru","sexo":"Male","avatar":"https://robohash.org/rerumvoluptatemdolor.bmp?size=50x50\u0026set=set1"},
{"id":14,"nombre":"Jeremy","apellido":"Garcia","correo":"jgarciad@t.co","sexo":"Male","avatar":"https://robohash.org/quifugadolores.png?size=50x50\u0026set=set1"},
{"id":15,"nombre":"Lois","apellido":"Larson","correo":"llarsone@telegraph.co.uk","sexo":"Female","avatar":"https://robohash.org/illoquidemid.bmp?size=50x50\u0026set=set1"},
{"id":16,"nombre":"Heather","apellido":"Watkins","correo":"hwatkinsf@homestead.com","sexo":"Female","avatar":"https://robohash.org/aliasnatusquia.png?size=50x50\u0026set=set1"},
{"id":17,"nombre":"Randy","apellido":"Berry","correo":"rberryg@mapy.cz","sexo":"Male","avatar":"https://robohash.org/eligendiexet.bmp?size=50x50\u0026set=set1"},
{"id":18,"nombre":"Steven","apellido":"Wilson","correo":"swilsonh@sourceforge.net","sexo":"Male","avatar":"https://robohash.org/idautvoluptatem.bmp?size=50x50\u0026set=set1"},
{"id":19,"nombre":"Jimmy","apellido":"Russell","correo":"jrusselli@loc.gov","sexo":"Male","avatar":"https://robohash.org/fugitdoloresaut.bmp?size=50x50\u0026set=set1"},
{"id":20,"nombre":"Roy","apellido":"Ramirez","correo":"rramirezj@meetup.com","sexo":"Male","avatar":"https://robohash.org/recusandaealiquamplaceat.bmp?size=50x50\u0026set=set1"},
{"id":21,"nombre":"Janice","apellido":"Coleman","correo":"jcolemank@washington.edu","sexo":"Female","avatar":"https://robohash.org/velitveroconsequatur.jpg?size=50x50\u0026set=set1"},
{"id":22,"nombre":"Charles","apellido":"Garrett","correo":"cgarrettl@foxnews.com","sexo":"Male","avatar":"https://robohash.org/aliquidnumquamrerum.bmp?size=50x50\u0026set=set1"},
{"id":23,"nombre":"Joe","apellido":"Perry","correo":"jperrym@umich.edu","sexo":"Male","avatar":"https://robohash.org/voluptasanimialias.jpg?size=50x50\u0026set=set1"},
{"id":24,"nombre":"Christopher","apellido":"Smith","correo":"csmithn@myspace.com","sexo":"Male","avatar":"https://robohash.org/rationequasest.jpg?size=50x50\u0026set=set1"},
{"id":25,"nombre":"Julie","apellido":"Rose","correo":"jroseo@adobe.com","sexo":"Female","avatar":"https://robohash.org/corporistemporibusalias.jpg?size=50x50\u0026set=set1"},
{"id":26,"nombre":"John","apellido":"Richardson","correo":"jrichardsonp@intel.com","sexo":"Male","avatar":"https://robohash.org/animiautratione.png?size=50x50\u0026set=set1"},
{"id":27,"nombre":"Helen","apellido":"Romero","correo":"hromeroq@51.la","sexo":"Female","avatar":"https://robohash.org/nonprovidentdolores.bmp?size=50x50\u0026set=set1"},
{"id":28,"nombre":"Robert","apellido":"Ellis","correo":"rellisr@washingtonpost.com","sexo":"Male","avatar":"https://robohash.org/quiplaceatquidem.bmp?size=50x50\u0026set=set1"},
{"id":29,"nombre":"Eugene","apellido":"Patterson","correo":"epattersons@constantcontact.com","sexo":"Male","avatar":"https://robohash.org/aliquidvelitnobis.bmp?size=50x50\u0026set=set1"},
{"id":30,"nombre":"Elizabeth","apellido":"Cooper","correo":"ecoopert@thetimes.co.uk","sexo":"Female","avatar":"https://robohash.org/temporibusdoloresexcepturi.bmp?size=50x50\u0026set=set1"},
{"id":31,"nombre":"Mary","apellido":"Kim","correo":"mkimu@seesaa.net","sexo":"Female","avatar":"https://robohash.org/eosrepellatcum.bmp?size=50x50\u0026set=set1"},
{"id":32,"nombre":"Roger","apellido":"Perry","correo":"rperryv@cdc.gov","sexo":"Male","avatar":"https://robohash.org/rationevoluptasad.bmp?size=50x50\u0026set=set1"},
{"id":33,"nombre":"Ashley","apellido":"Rivera","correo":"ariveraw@1und1.de","sexo":"Female","avatar":"https://robohash.org/aliquamquaeipsam.jpg?size=50x50\u0026set=set1"},
{"id":34,"nombre":"Wayne","apellido":"Hunter","correo":"whunterx@reference.com","sexo":"Male","avatar":"https://robohash.org/nostrumquiadolor.png?size=50x50\u0026set=set1"},
{"id":35,"nombre":"Raymond","apellido":"Howard","correo":"rhowardy@harvard.edu","sexo":"Male","avatar":"https://robohash.org/estdolorrepellendus.bmp?size=50x50\u0026set=set1"},
{"id":36,"nombre":"Clarence","apellido":"Hawkins","correo":"chawkinsz@cafepress.com","sexo":"Male","avatar":"https://robohash.org/etperferendistempore.bmp?size=50x50\u0026set=set1"},
{"id":37,"nombre":"Frank","apellido":"Harvey","correo":"fharvey10@usa.gov","sexo":"Male","avatar":"https://robohash.org/voluptatemeligendivoluptatum.png?size=50x50\u0026set=set1"},
{"id":38,"nombre":"Kenneth","apellido":"Gutierrez","correo":"kgutierrez11@google.de","sexo":"Male","avatar":"https://robohash.org/dignissimosomnisrerum.bmp?size=50x50\u0026set=set1"},
{"id":39,"nombre":"Wayne","apellido":"Andrews","correo":"wandrews12@about.com","sexo":"Male","avatar":"https://robohash.org/assumendaminuslibero.jpg?size=50x50\u0026set=set1"},
{"id":40,"nombre":"Jack","apellido":"Wright","correo":"jwright13@feedburner.com","sexo":"Male","avatar":"https://robohash.org/etvoluptatemnon.png?size=50x50\u0026set=set1"},
{"id":41,"nombre":"Rebecca","apellido":"Price","correo":"rprice14@trellian.com","sexo":"Female","avatar":"https://robohash.org/natussintvoluptatum.bmp?size=50x50\u0026set=set1"},
{"id":42,"nombre":"Andrea","apellido":"Howell","correo":"ahowell15@mozilla.com","sexo":"Female","avatar":"https://robohash.org/etdistinctioet.jpg?size=50x50\u0026set=set1"},
{"id":43,"nombre":"Helen","apellido":"Taylor","correo":"htaylor16@xing.com","sexo":"Female","avatar":"https://robohash.org/ipsaaliquamexercitationem.png?size=50x50\u0026set=set1"},
{"id":44,"nombre":"Gerald","apellido":"Harvey","correo":"gharvey17@yelp.com","sexo":"Male","avatar":"https://robohash.org/maximeimpeditsunt.jpg?size=50x50\u0026set=set1"},
{"id":45,"nombre":"Harry","apellido":"Bradley","correo":"hbradley18@blogs.com","sexo":"Male","avatar":"https://robohash.org/perferendisatqueeum.bmp?size=50x50\u0026set=set1"},
{"id":46,"nombre":"Tammy","apellido":"Lee","correo":"tlee19@nydailynews.com","sexo":"Female","avatar":"https://robohash.org/eligendilaborumat.jpg?size=50x50\u0026set=set1"},
{"id":47,"nombre":"Rachel","apellido":"Perkins","correo":"rperkins1a@unc.edu","sexo":"Female","avatar":"https://robohash.org/dolormaximelaudantium.bmp?size=50x50\u0026set=set1"},
{"id":48,"nombre":"Mildred","apellido":"Long","correo":"mlong1b@godaddy.com","sexo":"Female","avatar":"https://robohash.org/corporisfugiatrem.jpg?size=50x50\u0026set=set1"},
{"id":49,"nombre":"Bonnie","apellido":"Schmidt","correo":"bschmidt1c@zimbio.com","sexo":"Female","avatar":"https://robohash.org/ullametpossimus.bmp?size=50x50\u0026set=set1"},
{"id":50,"nombre":"Emily","apellido":"Cook","correo":"ecook1d@biblegateway.com","sexo":"Female","avatar":"https://robohash.org/rationeutpraesentium.png?size=50x50\u0026set=set1"},
{"id":51,"nombre":"Heather","apellido":"Elliott","correo":"helliott1e@jalbum.net","sexo":"Female","avatar":"https://robohash.org/eligendimodirerum.bmp?size=50x50\u0026set=set1"},
{"id":52,"nombre":"Ernest","apellido":"Martinez","correo":"emartinez1f@blinklist.com","sexo":"Male","avatar":"https://robohash.org/sitearumquam.bmp?size=50x50\u0026set=set1"},
{"id":53,"nombre":"Carlos","apellido":"Wright","correo":"cwright1g@paginegialle.it","sexo":"Male","avatar":"https://robohash.org/molestiasexpeditaofficia.png?size=50x50\u0026set=set1"},
{"id":54,"nombre":"Janice","apellido":"Murphy","correo":"jmurphy1h@odnoklassniki.ru","sexo":"Female","avatar":"https://robohash.org/eumvitaenesciunt.png?size=50x50\u0026set=set1"},
{"id":55,"nombre":"Shawn","apellido":"Price","correo":"sprice1i@miibeian.gov.cn","sexo":"Male","avatar":"https://robohash.org/nihilfugitvoluptatum.bmp?size=50x50\u0026set=set1"},
{"id":56,"nombre":"Kevin","apellido":"Mills","correo":"kmills1j@networkadvertising.org","sexo":"Male","avatar":"https://robohash.org/autperspiciatistenetur.bmp?size=50x50\u0026set=set1"},
{"id":57,"nombre":"Irene","apellido":"Carroll","correo":"icarroll1k@hao123.com","sexo":"Female","avatar":"https://robohash.org/mollitiatemporaet.jpg?size=50x50\u0026set=set1"},
{"id":58,"nombre":"Lois","apellido":"Freeman","correo":"lfreeman1l@redcross.org","sexo":"Female","avatar":"https://robohash.org/autrerumexercitationem.jpg?size=50x50\u0026set=set1"},
{"id":59,"nombre":"Kevin","apellido":"Gordon","correo":"kgordon1m@ycombinator.com","sexo":"Male","avatar":"https://robohash.org/providentsuntitaque.jpg?size=50x50\u0026set=set1"},
{"id":60,"nombre":"Todd","apellido":"Reid","correo":"treid1n@example.com","sexo":"Male","avatar":"https://robohash.org/doloremnamfugit.png?size=50x50\u0026set=set1"},
{"id":61,"nombre":"Peter","apellido":"Alexander","correo":"palexander1o@gov.uk","sexo":"Male","avatar":"https://robohash.org/voluptasquaserror.bmp?size=50x50\u0026set=set1"},
{"id":62,"nombre":"Catherine","apellido":"Wood","correo":"cwood1p@histats.com","sexo":"Female","avatar":"https://robohash.org/quoatquesint.bmp?size=50x50\u0026set=set1"},
{"id":63,"nombre":"George","apellido":"Wilson","correo":"gwilson1q@answers.com","sexo":"Male","avatar":"https://robohash.org/laborumblanditiiset.png?size=50x50\u0026set=set1"},
{"id":64,"nombre":"Steven","apellido":"Moore","correo":"smoore1r@squidoo.com","sexo":"Male","avatar":"https://robohash.org/abofficiisquis.png?size=50x50\u0026set=set1"},
{"id":65,"nombre":"Kathleen","apellido":"Gomez","correo":"kgomez1s@google.es","sexo":"Female","avatar":"https://robohash.org/explicabosedvelit.bmp?size=50x50\u0026set=set1"},
{"id":66,"nombre":"Kathy","apellido":"Rivera","correo":"krivera1t@blogger.com","sexo":"Female","avatar":"https://robohash.org/dolorumconsequatureos.jpg?size=50x50\u0026set=set1"},
{"id":67,"nombre":"Jennifer","apellido":"Gutierrez","correo":"jgutierrez1u@yellowpages.com","sexo":"Female","avatar":"https://robohash.org/eiusrepellatsint.jpg?size=50x50\u0026set=set1"},
{"id":68,"nombre":"Richard","apellido":"Howell","correo":"rhowell1v@independent.co.uk","sexo":"Male","avatar":"https://robohash.org/quiaconsequaturvoluptatibus.png?size=50x50\u0026set=set1"},
{"id":69,"nombre":"Kathryn","apellido":"Larson","correo":"klarson1w@artisteer.com","sexo":"Female","avatar":"https://robohash.org/beataeetveniam.jpg?size=50x50\u0026set=set1"},
{"id":70,"nombre":"Christine","apellido":"Warren","correo":"cwarren1x@twitpic.com","sexo":"Female","avatar":"https://robohash.org/molestiasofficiisinventore.png?size=50x50\u0026set=set1"},
{"id":71,"nombre":"Roy","apellido":"Parker","correo":"rparker1y@accuweather.com","sexo":"Male","avatar":"https://robohash.org/nobisutalias.bmp?size=50x50\u0026set=set1"},
{"id":72,"nombre":"Stephen","apellido":"Payne","correo":"spayne1z@photobucket.com","sexo":"Male","avatar":"https://robohash.org/errorrepellendusipsam.jpg?size=50x50\u0026set=set1"},
{"id":73,"nombre":"Bruce","apellido":"Mendoza","correo":"bmendoza20@hc360.com","sexo":"Male","avatar":"https://robohash.org/quoconsequunturut.bmp?size=50x50\u0026set=set1"},
{"id":74,"nombre":"Susan","apellido":"Palmer","correo":"spalmer21@sciencedirect.com","sexo":"Female","avatar":"https://robohash.org/praesentiumestest.png?size=50x50\u0026set=set1"},
{"id":75,"nombre":"Paul","apellido":"Franklin","correo":"pfranklin22@dailymail.co.uk","sexo":"Male","avatar":"https://robohash.org/officiisautemfuga.jpg?size=50x50\u0026set=set1"},
{"id":76,"nombre":"Joyce","apellido":"Griffin","correo":"jgriffin23@theglobeandmail.com","sexo":"Female","avatar":"https://robohash.org/necessitatibusquisquamet.bmp?size=50x50\u0026set=set1"},
{"id":77,"nombre":"Juan","apellido":"Castillo","correo":"jcastillo24@oracle.com","sexo":"Male","avatar":"https://robohash.org/eoscupiditatemolestias.png?size=50x50\u0026set=set1"},
{"id":78,"nombre":"Albert","apellido":"Lee","correo":"alee25@google.co.jp","sexo":"Male","avatar":"https://robohash.org/quodinad.bmp?size=50x50\u0026set=set1"},
{"id":79,"nombre":"Julie","apellido":"Johnston","correo":"jjohnston26@xrea.com","sexo":"Female","avatar":"https://robohash.org/consequunturliberoautem.png?size=50x50\u0026set=set1"},
{"id":80,"nombre":"Albert","apellido":"Moore","correo":"amoore27@w3.org","sexo":"Male","avatar":"https://robohash.org/autestautem.png?size=50x50\u0026set=set1"},
{"id":81,"nombre":"Lori","apellido":"Wood","correo":"lwood28@umn.edu","sexo":"Female","avatar":"https://robohash.org/atfugitet.jpg?size=50x50\u0026set=set1"},
{"id":82,"nombre":"Douglas","apellido":"Ford","correo":"dford29@guardian.co.uk","sexo":"Male","avatar":"https://robohash.org/rerumidet.png?size=50x50\u0026set=set1"},
{"id":83,"nombre":"Lisa","apellido":"Oliver","correo":"loliver2a@xinhuanet.com","sexo":"Female","avatar":"https://robohash.org/eaqueullamconsectetur.png?size=50x50\u0026set=set1"},
{"id":84,"nombre":"Christina","apellido":"Spencer","correo":"cspencer2b@time.com","sexo":"Female","avatar":"https://robohash.org/dolorpariaturaperiam.jpg?size=50x50\u0026set=set1"},
{"id":85,"nombre":"Jose","apellido":"King","correo":"jking2c@vimeo.com","sexo":"Male","avatar":"https://robohash.org/liberocumquererum.png?size=50x50\u0026set=set1"},
{"id":86,"nombre":"Clarence","apellido":"Wood","correo":"cwood2d@plala.or.jp","sexo":"Male","avatar":"https://robohash.org/dolorvoluptatemperferendis.png?size=50x50\u0026set=set1"},
{"id":87,"nombre":"Albert","apellido":"Wheeler","correo":"awheeler2e@mlb.com","sexo":"Male","avatar":"https://robohash.org/rerumevenietveniam.jpg?size=50x50\u0026set=set1"},
{"id":88,"nombre":"Roy","apellido":"Campbell","correo":"rcampbell2f@epa.gov","sexo":"Male","avatar":"https://robohash.org/autemeanumquam.png?size=50x50\u0026set=set1"},
{"id":89,"nombre":"Carl","apellido":"Price","correo":"cprice2g@go.com","sexo":"Male","avatar":"https://robohash.org/mollitianamfacilis.bmp?size=50x50\u0026set=set1"},
{"id":90,"nombre":"Scott","apellido":"Gonzalez","correo":"sgonzalez2h@hibu.com","sexo":"Male","avatar":"https://robohash.org/nonanimiaut.jpg?size=50x50\u0026set=set1"},
{"id":91,"nombre":"Deborah","apellido":"Simpson","correo":"dsimpson2i@vinaora.com","sexo":"Female","avatar":"https://robohash.org/aliquaminomnis.bmp?size=50x50\u0026set=set1"},
{"id":92,"nombre":"Larry","apellido":"Little","correo":"llittle2j@shareasale.com","sexo":"Male","avatar":"https://robohash.org/evenietvoluptatemquia.jpg?size=50x50\u0026set=set1"},
{"id":93,"nombre":"Robin","apellido":"Ross","correo":"rross2k@nps.gov","sexo":"Female","avatar":"https://robohash.org/sitsimiliquealias.bmp?size=50x50\u0026set=set1"},
{"id":94,"nombre":"Amanda","apellido":"Gilbert","correo":"agilbert2l@cisco.com","sexo":"Female","avatar":"https://robohash.org/earumutnecessitatibus.png?size=50x50\u0026set=set1"},
{"id":95,"nombre":"Jacqueline","apellido":"Garza","correo":"jgarza2m@phpbb.com","sexo":"Female","avatar":"https://robohash.org/uteumaut.bmp?size=50x50\u0026set=set1"},
{"id":96,"nombre":"Patrick","apellido":"Cunningham","correo":"pcunningham2n@wiley.com","sexo":"Male","avatar":"https://robohash.org/delectusmaioresullam.bmp?size=50x50\u0026set=set1"},
{"id":97,"nombre":"Antonio","apellido":"Nichols","correo":"anichols2o@joomla.org","sexo":"Male","avatar":"https://robohash.org/ipsamaliquamquas.png?size=50x50\u0026set=set1"},
{"id":98,"nombre":"Bonnie","apellido":"Lynch","correo":"blynch2p@samsung.com","sexo":"Female","avatar":"https://robohash.org/cumofficiaquia.jpg?size=50x50\u0026set=set1"},
{"id":99,"nombre":"Janet","apellido":"Simpson","correo":"jsimpson2q@psu.edu","sexo":"Female","avatar":"https://robohash.org/etautsint.jpg?size=50x50\u0026set=set1"},
{"id":100,"nombre":"George","apellido":"Schmidt","correo":"gschmidt2r@dailymail.co.uk","sexo":"Male","avatar":"https://robohash.org/eaqueofficiased.bmp?size=50x50\u0026set=set1"}]